<?xml version="1.0" encoding="UTF-8"?>
<audio_effects_conf version="2.0" xmlns="http://schemas.android.com/audio/audio_effects_conf/v2_0">
    <libraries>
        <library name="bundle" path="libbundlewrapper.so"/>
        <library name="reverb" path="libreverbwrapper.so"/>
        <library name="visualizer" path="libvisualizer.so"/>
        <library name="output_session_processing" path="libLifevibes_lvverx.so"/>
        <library name="pre_processing" path="libLifevibes_lvvetx.so"/>
        <library name="downmix" path="libdownmix.so"/>
        <library name="loudness_enhancer" path="libldnhncr.so"/>
    </libraries>
    <effects>
        <effect name="bassboost" library="bundle" uuid="8631f300-72e2-11df-b57e-0002a5d5c51b"/>
        <effect name="virtualizer" library="bundle" uuid="1d4033c0-8557-11df-9f2d-0002a5d5c51b"/>
        <effect name="equalizer" library="bundle" uuid="ce772f20-847d-11df-bb17-0002a5d5c51b"/>
        <effect name="volume" library="bundle" uuid="119341a0-8469-11df-81f9-0002a5d5c51b"/>
        <effect name="reverb_env_aux" library="reverb" uuid="4a387fc0-8ab3-11df-8bad-0002a5d5c51b"/>
        <effect name="reverb_env_ins" library="reverb" uuid="c7a511a0-a3bb-11df-860e-0002a5d5c51b"/>
        <effect name="reverb_pre_aux" library="reverb" uuid="f29a1400-a3bb-11df-8ddc-0002a5d5c51b"/>
        <effect name="reverb_pre_ins" library="reverb" uuid="172cdf00-a3bc-11df-a72f-0002a5d5c51b"/>
        <effect name="visualizer" library="visualizer" uuid="d069d9e0-8329-11df-9168-0002a5d5c51b"/>
        <effect name="downmix" library="downmix" uuid="93f04452-e4fe-41cc-91f9-e475b6d1d69f"/>
        <effect name="loudness_enhancer" library="loudness_enhancer" uuid="fa415329-2034-4bea-b5dc-5b381c8d1e2c"/>
        <effect name="agc" library="pre_processing" uuid="3b75f00-93ce-11e0-9fb8-0002a5d5c51b"/>
        <effect name="aec" library="pre_processing" uuid="d6dbf400-93ce-11e0-bcd7-0002a5d5c51b"/>
        <effect name="ns" library="pre_processing" uuid="df0afc20-93ce-11e0-98de-0002a5d5c51b"/>
        <effect name="lmfv" library="output_session_processing" uuid="989d9460-413d-11e1-8b0d-0002a5d5c51b"/>
        <effect name="fens" library="output_session_processing" uuid="cbcc5980-476d-11e1-82ee-0002a5d5c51b"/>
    </effects>
    <postprocess>
        <stream type="voice_call">
            <apply effect="fens"/>
            <apply effect="lmfv"/>
        </stream>
    </postprocess>
    <preprocess>
        <stream type="mic">
            <apply effect="agc"/>
            <apply effect="ns"/>
            <apply effect="aec"/>
        </stream>
        <stream type="camcorder"/>
        <stream type="voice_communication">
            <apply effect="agc"/>
            <apply effect="ns"/>
            <apply effect="aec"/>
        </stream>
    </preprocess>
</audio_effects_conf>
